{"name":"66a63f9c-24c5-4f32-a6fb-4efb50cda12a","id":"/providers/Microsoft.Flow/flows/66a63f9c-24c5-4f32-a6fb-4efb50cda12a","type":"Microsoft.Flow/flows","properties":{"apiId":"/providers/Microsoft.PowerApps/apis/shared_logicflows","displayName":"SendBulkEmails","definition":{"$schema":"https://schema.management.azure.com/providers/Microsoft.Logic/schemas/2016-06-01/workflowdefinition.json#","contentVersion":"1.0.0.0","parameters":{"$connections":{"defaultValue":{},"type":"Object"},"$authentication":{"defaultValue":{},"type":"SecureObject"}},"triggers":{"manual":{"type":"Request","kind":"Button","inputs":{"schema":{"type":"object","properties":{},"required":[]}}}},"actions":{"GetContacts":{"runAfter":{"GetEmailTemplate":["Succeeded"]},"type":"OpenApiConnection","inputs":{"host":{"connectionName":"shared_commondataserviceforapps","operationId":"ListRecords","apiId":"/providers/Microsoft.PowerApps/apis/shared_commondataserviceforapps"},"parameters":{"entityName":"contacts","$top":5},"authentication":{"type":"Raw","value":"@json(decodeBase64(triggerOutputs().headers['X-MS-APIM-Tokens']))['$ConnectionKey']"}}},"Perform_an_unbound_action":{"runAfter":{"GetSender":["Succeeded"]},"type":"OpenApiConnection","inputs":{"host":{"connectionName":"shared_commondataserviceforapps","operationId":"PerformUnboundAction","apiId":"/providers/Microsoft.PowerApps/apis/shared_commondataserviceforapps"},"parameters":{"actionName":"SendTemplate","item/TemplateId":"@first(body('GetEmailTemplate')?['value'])?['templateid']","item/Sender":"systemusers(@{first(body('GetSender')?['value'])?['systemuserid']})","item/Recipients":"@variables('recipients')","item/Regarding":"systemusers()","item/DeliveryPriorityCode":1},"authentication":{"type":"Raw","value":"@json(decodeBase64(triggerOutputs().headers['X-MS-APIM-Tokens']))['$ConnectionKey']"}}},"Initialize_variable":{"runAfter":{"GetContacts":["Succeeded"]},"type":"InitializeVariable","inputs":{"variables":[{"name":"recipients","type":"array"}]}},"Apply_to_each":{"foreach":"@outputs('GetContacts')?['body/value']","actions":{"Append_to_array_variable":{"runAfter":{},"type":"AppendToArrayVariable","inputs":{"name":"recipients","value":"contacts(@{items('Apply_to_each')?['contactid']})"}}},"runAfter":{"Initialize_variable":["Succeeded"]},"type":"Foreach"},"GetEmailTemplate":{"runAfter":{},"type":"OpenApiConnection","inputs":{"host":{"connectionName":"shared_commondataserviceforapps","operationId":"ListRecords","apiId":"/providers/Microsoft.PowerApps/apis/shared_commondataserviceforapps"},"parameters":{"entityName":"templates","$filter":"title eq  'Contact Reconnect'"},"authentication":{"type":"Raw","value":"@json(decodeBase64(triggerOutputs().headers['X-MS-APIM-Tokens']))['$ConnectionKey']"}}},"GetSender":{"runAfter":{"Apply_to_each":["Succeeded"]},"type":"OpenApiConnection","inputs":{"host":{"connectionName":"shared_commondataserviceforapps_1","operationId":"ListRecords","apiId":"/providers/Microsoft.PowerApps/apis/shared_commondataserviceforapps"},"parameters":{"entityName":"systemusers","$filter":"internalemailaddress eq 'sam@crmworks74.onmicrosoft.com'"},"authentication":{"type":"Raw","value":"@json(decodeBase64(triggerOutputs().headers['X-MS-APIM-Tokens']))['$ConnectionKey']"}}}},"outputs":{}},"connectionReferences":{"shared_commondataserviceforapps":{"connectionName":"shared-commondataser-8b68841b-bc28-42bf-9ba4-e8ca-13e64b7c","source":"Embedded","id":"/providers/Microsoft.PowerApps/apis/shared_commondataserviceforapps","tier":"NotSpecified"},"shared_commondataserviceforapps_1":{"connectionName":"shared-commondataser-09a958f3-500b-4bc7-9e6e-0c647419a9b2","source":"Embedded","id":"/providers/Microsoft.PowerApps/apis/shared_commondataserviceforapps","tier":"NotSpecified"}},"flowFailureAlertSubscribed":false}}