{"name":"b559dc2f-ec36-4c81-82a8-88eece795b9c","id":"/providers/Microsoft.Flow/flows/b559dc2f-ec36-4c81-82a8-88eece795b9c","type":"Microsoft.Flow/flows","properties":{"apiId":"/providers/Microsoft.PowerApps/apis/shared_logicflows","displayName":"SendEmailUsingEmailTemplate","definition":{"$schema":"https://schema.management.azure.com/providers/Microsoft.Logic/schemas/2016-06-01/workflowdefinition.json#","contentVersion":"1.0.0.0","parameters":{"$connections":{"defaultValue":{},"type":"Object"},"$authentication":{"defaultValue":{},"type":"SecureObject"}},"triggers":{"When_a_record_is_created,_updated_or_deleted":{"type":"OpenApiConnectionWebhook","inputs":{"host":{"connectionName":"shared_commondataserviceforapps","operationId":"SubscribeWebhookTrigger","apiId":"/providers/Microsoft.PowerApps/apis/shared_commondataserviceforapps"},"parameters":{"subscriptionRequest/message":1,"subscriptionRequest/entityname":"lead","subscriptionRequest/scope":4},"authentication":"@parameters('$authentication')"}}},"actions":{"List_records":{"runAfter":{},"type":"OpenApiConnection","inputs":{"host":{"connectionName":"shared_commondataserviceforapps","operationId":"ListRecords","apiId":"/providers/Microsoft.PowerApps/apis/shared_commondataserviceforapps"},"parameters":{"entityName":"templates","$filter":"title eq 'Lead Reply-Web Site Visit'"},"authentication":"@parameters('$authentication')"}},"Perform_an_unbound_action":{"runAfter":{"List_records":["Succeeded"]},"type":"OpenApiConnection","inputs":{"host":{"connectionName":"shared_commondataserviceforapps","operationId":"PerformUnboundAction","apiId":"/providers/Microsoft.PowerApps/apis/shared_commondataserviceforapps"},"parameters":{"actionName":"SendEmailFromTemplate","item/TemplateId":"@first(body('List_records')?['value'])?['templateid']","item/Regarding":"/leads(@{triggerOutputs()?['body/leadid']})","item/Target":{"email_activity_parties":[{"partyid_systemuser@odata.bind":"/systemusers(@{triggerOutputs()?['body/_ownerid_value']})","participationtypemask":1},{"partyid_lead@odata.bind":"/leads(@{triggerOutputs()?['body/leadid']})","participationtypemask":2},{"partyid_systemuser@odata.bind":"/systemusers(c308eef1-1de7-ea11-a817-000d3a0a82a5)","participationtypemask":3},{"addressused":"sam@test.com","participationtypemask":4},{"addressused":"john@test.com","participationtypemask":4}],"@@odata.type":"Microsoft.Dynamics.CRM.email"}},"authentication":"@parameters('$authentication')"}}},"outputs":{}},"connectionReferences":{"shared_commondataserviceforapps":{"connectionName":"shared-commondataser-8b68841b-bc28-42bf-9ba4-e8ca-13e64b7c","source":"Embedded","id":"/providers/Microsoft.PowerApps/apis/shared_commondataserviceforapps","tier":"NotSpecified"}},"flowFailureAlertSubscribed":false}}